account_id,customer_id,account_type,balance,account_status
100001,101,Savings,268150.07,Active
100002,629,Savings,85393.31,Dormant
100003,28,Savings,161902.46,Active
100004,937,Current,220670.64,Active
100005,58,Savings,416771.63,Active
100006,297,Savings,464774.38,Active
100007,134,Current,314582.99,Active
100008,249,Current,198077.65,Active
100009,1021,Savings,127761.48,Active
100010,550,Savings,491085.46,Active
100011,902,Savings,491526.98,Active
100012,1099,Savings,462563.5,Active
100013,834,Savings,393048.91,Active
100014,1192,Savings,163563.99,Active
100015,771,Savings,408683.24,Active
100016,146,Current,204987.72,Active
100017,893,Current,164059.78,Active
100018,344,Savings,372687.81,Active
100019,1059,Savings,40747.31,Active
100020,702,Savings,25232.8,Active
100021,1,Current,224528.89,Active
100022,153,Savings,223373.76,Active
100023,429,Savings,447926.43,Dormant
100024,508,Savings,63950.4,Active
100025,1150,Savings,62518.68,Active
100026,491,Savings,74578.85,Active
100027,345,Current,15838.39,Active
100028,221,Savings,36794.14,Active
100029,723,Savings,330275.06,Active
100030,1049,Savings,216360.58,Active
100031,528,Savings,382037.93,Active
100032,841,Current,496306.26,Active
100033,1066,Current,329858.31,Active
100034,481,Current,26177.33,Active
100035,930,Current,53176.87,Active
100036,872,Savings,440621.04,Active
100037,345,Savings,264220.48,Active
100038,45,Savings,412593.74,Active
100039,21,Current,428449.56,Active
100040,1094,Savings,463909.6,Active
100041,873,Savings,474964.77,Active
100042,48,Current,277858.07,Active
100043,551,Savings,171169.07,Active
100044,287,Savings,480970.57,Dormant
100045,1002,Savings,274155.8,Active
100046,1034,Savings,33062.11,Active
100047,542,Savings,321745.5,Active
100048,756,Current,294254.69,Active
100049,274,Savings,448000.64,Active
100050,956,Current,326940.41,Active
100051,600,Savings,175177.16,Active
100052,381,Savings,483146.64,Active
100053,479,Current,401008.12,Active
100054,15,Savings,315578.39,Active
100055,516,Savings,147169.68,Active
100056,191,Current,187396.61,Active
100057,1192,Savings,335314.99,Active
100058,621,Savings,36918.43,Active
100059,1161,Savings,129083.62,Active
100060,154,Savings,357236.57,Active
100061,272,Savings,240529.24,Active
100062,143,Savings,201794.39,Active
100063,1093,Current,76577.35,Active
100064,247,Current,221482.67,Active
100065,788,Savings,385575.29,Active
100066,79,Savings,132742.41,Active
100067,623,Savings,3693.87,Active
100068,525,Savings,334583.95,Active
100069,772,Savings,486340.68,Active
100070,938,Current,303806.46,Active
100071,1119,Current,60841.01,Active
100072,617,Savings,161045.81,Active
100073,1032,Savings,433953.17,Active
100074,67,Savings,117051.47,Active
100075,191,Savings,304240.26,Active
100076,768,Savings,201932.93,Dormant
100077,521,Current,104714.02,Active
100078,990,Savings,406890.04,Active
100079,1141,Current,371672.81,Active
100080,267,Savings,331133.94,Active
100081,485,Savings,118931.96,Active
100082,1188,Savings,49830.64,Active
100083,376,Savings,288503.51,Active
100084,653,Savings,277285.24,Active
100085,549,Savings,95004.12,Active
100086,1098,Current,29067.1,Active
100087,73,Savings,41273.52,Active
100088,308,Savings,496392.72,Active
100089,199,Current,392008.36,Active
100090,1154,Current,461071.75,Active
100091,572,Current,98332.31,Active
100092,791,Savings,480323.7,Active
100093,1175,Current,72184.52,Active
100094,179,Savings,255031.83,Active
100095,197,Savings,415018.15,Active
100096,735,Savings,175551.87,Active
100097,89,Savings,212989.44,Active
100098,799,Savings,64964.37,Active
100099,788,Savings,62338.02,Active
100100,748,Savings,310164.54,Active
100101,209,Savings,338090.65,Dormant
100102,493,Savings,388888.92,Active
100103,1154,Current,278784.34,Active
100104,665,Current,323233.89,Active
100105,1037,Savings,7745.12,Active
100106,871,Current,81923.19,Active
100107,732,Savings,492472.47,Dormant
100108,1130,Savings,38920.76,Active
100109,698,Savings,339715.32,Dormant
100110,1123,Savings,88865.23,Active
100111,594,Current,358642.57,Active
100112,886,Savings,353289.21,Active
100113,852,Savings,117865.33,Active
100114,325,Savings,135547.57,Active
100115,979,Savings,327730.59,Active
100116,956,Current,195652.93,Active
100117,894,Current,98079.44,Active
100118,144,Savings,366108.12,Active
100119,384,Current,77919.61,Active
100120,216,Savings,427966.19,Active
100121,324,Current,257820.09,Active
100122,1039,Savings,53744.6,Active
100123,217,Savings,347342.09,Active
100124,951,Savings,260062.36,Active
100125,183,Savings,149730.73,Active
100126,270,Savings,211847.15,Active
100127,945,Savings,149870.53,Dormant
100128,870,Savings,132249.89,Active
100129,467,Current,82640.6,Active
100130,305,Savings,182020.8,Active
100131,1168,Savings,126242.62,Dormant
100132,111,Savings,342033.81,Active
100133,1014,Current,342254.49,Active
100134,232,Savings,251418.28,Dormant
100135,595,Current,389194.32,Dormant
100136,173,Current,420828.52,Dormant
100137,973,Savings,290303.46,Active
100138,1031,Savings,309848.65,Active
100139,1179,Savings,142160.07,Active
100140,546,Savings,447539.73,Active
100141,548,Current,13078.82,Active
100142,518,Current,174952.63,Active
100143,914,Savings,361178.41,Active
100144,215,Savings,40964.67,Active
100145,134,Current,92401.59,Active
100146,285,Savings,295053.58,Active
100147,1150,Savings,280436.84,Active
100148,686,Savings,369725.22,Active
100149,1176,Savings,406493.71,Active
100150,331,Current,65161.21,Active
100151,1139,Savings,10172.11,Dormant
100152,894,Savings,345129.62,Active
100153,899,Current,151394.51,Active
100154,1099,Savings,313365.97,Active
100155,1190,Current,76121.75,Active
100156,78,Savings,235050.98,Active
100157,947,Savings,252707.95,Active
100158,688,Current,292953.83,Active
100159,21,Savings,257071.84,Dormant
100160,566,Savings,248349.69,Active
100161,827,Savings,167034.34,Active
100162,179,Savings,36518.94,Active
100163,1136,Savings,45670.58,Active
100164,1083,Current,217455.36,Active
100165,905,Current,178540.77,Active
100166,669,Current,258551.27,Active
100167,191,Savings,153114.25,Active
100168,708,Savings,344267.14,Active
100169,1059,Savings,432113.46,Active
100170,379,Current,150132.73,Dormant
100171,387,Savings,97299.02,Active
100172,237,Savings,58974.11,Active
100173,616,Current,308510.77,Active
100174,283,Savings,222484.14,Dormant
100175,1,Savings,94819.84,Active
100176,464,Current,326915.23,Active
100177,967,Current,75093.11,Active
100178,172,Savings,277596.05,Active
100179,1111,Savings,264047.04,Active
100180,1147,Current,367379.67,Active
100181,843,Savings,28499.71,Active
100182,690,Savings,444048.59,Active
100183,575,Savings,351792.87,Active
100184,165,Savings,108846.87,Active
100185,383,Savings,92519.27,Active
100186,209,Savings,216398.45,Active
100187,224,Savings,408965.1,Active
100188,3,Savings,421632.05,Active
100189,372,Current,260707.59,Active
100190,611,Current,430544.62,Active
100191,116,Current,3716.41,Active
100192,447,Savings,18552.14,Active
100193,415,Savings,455998.98,Active
100194,1119,Savings,387890.63,Dormant
100195,892,Current,225902.32,Active
100196,1048,Savings,377051.46,Active
100197,663,Savings,477864.09,Active
100198,1074,Current,386272.67,Active
100199,718,Savings,421343.3,Active
100200,1103,Savings,380542.68,Active
100201,1051,Current,84937.34,Dormant
100202,271,Current,416953.48,Active
100203,562,Savings,98359.3,Active
100204,804,Current,446413.05,Active
100205,247,Savings,229866.3,Active
100206,387,Current,338811.4,Active
100207,702,Savings,249123.18,Active
100208,559,Savings,47901.47,Dormant
100209,973,Savings,146070.43,Active
100210,984,Current,491882.2,Active
100211,352,Savings,480396.66,Active
100212,753,Savings,160922.96,Active
100213,781,Savings,498152.11,Active
100214,1025,Current,422930.05,Active
100215,546,Savings,305868.79,Active
100216,79,Savings,21022.19,Active
100217,334,Savings,450821.97,Dormant
100218,889,Savings,279157.21,Active
100219,1122,Savings,434369.6,Active
100220,1106,Savings,417380.13,Active
100221,502,Savings,416670.1,Active
100222,765,Savings,349388.76,Active
100223,921,Current,146416.15,Active
100224,550,Savings,168743.97,Active
100225,14,Savings,154926.14,Active
100226,392,Current,11002.95,Active
100227,310,Savings,291701.89,Active
100228,386,Current,349718.0,Active
100229,974,Savings,427079.13,Active
100230,1118,Savings,70942.55,Active
100231,1117,Savings,272547.39,Active
100232,340,Current,4996.06,Active
100233,597,Savings,48451.73,Active
100234,757,Savings,28051.66,Active
100235,1046,Current,363013.54,Active
100236,291,Savings,41448.72,Active
100237,306,Savings,358510.04,Active
100238,634,Savings,125562.73,Active
100239,1152,Current,438978.77,Active
100240,625,Savings,406761.84,Active
100241,939,Savings,478957.28,Active
100242,848,Savings,441997.25,Active
100243,442,Savings,466731.38,Active
100244,503,Current,429512.46,Active
100245,130,Current,346997.57,Active
100246,1156,Current,85959.32,Active
100247,597,Current,136582.05,Active
100248,862,Savings,107150.76,Active
100249,593,Savings,302189.31,Dormant
100250,999,Current,252306.35,Active
100251,325,Savings,433672.92,Active
100252,1093,Savings,476383.76,Active
100253,448,Current,203025.08,Active
100254,819,Savings,253668.93,Active
100255,1189,Current,485786.66,Active
100256,709,Savings,138843.23,Active
100257,265,Savings,396403.0,Dormant
100258,612,Savings,113394.71,Active
100259,832,Savings,341048.6,Active
100260,674,Current,127554.2,Active
100261,157,Savings,441982.96,Active
100262,251,Savings,281177.49,Active
100263,878,Savings,93780.89,Active
100264,530,Savings,112960.22,Dormant
100265,327,Savings,247430.75,Active
100266,961,Current,480839.41,Active
100267,895,Savings,385051.44,Dormant
100268,97,Current,244666.51,Active
100269,513,Current,169521.85,Active
100270,216,Savings,275084.98,Active
100271,1156,Savings,374432.06,Active
100272,125,Current,392180.37,Active
100273,1106,Savings,162979.79,Active
100274,59,Savings,360858.47,Active
100275,161,Savings,329236.6,Active
100276,284,Current,479597.03,Active
100277,106,Current,465614.05,Active
100278,1129,Current,394900.28,Dormant
100279,228,Savings,361973.95,Active
100280,318,Savings,137746.75,Active
100281,802,Savings,423136.66,Active
100282,874,Savings,214325.35,Active
100283,472,Savings,136848.03,Active
100284,1080,Current,192696.22,Active
100285,625,Current,418131.81,Active
100286,13,Savings,75167.97,Active
100287,1042,Savings,228623.21,Active
100288,694,Savings,246686.44,Active
100289,973,Savings,19278.22,Active
100290,113,Current,98677.27,Active
100291,229,Current,413544.47,Active
100292,171,Savings,415552.93,Active
100293,295,Savings,146915.13,Dormant
100294,189,Savings,437573.72,Active
100295,426,Savings,386119.69,Active
100296,977,Savings,209535.83,Active
100297,1103,Savings,374454.77,Active
100298,658,Savings,480705.98,Active
100299,919,Current,230025.89,Active
100300,499,Savings,119975.16,Active
100301,762,Savings,470966.43,Active
100302,866,Savings,302268.4,Dormant
100303,826,Savings,53527.32,Dormant
100304,71,Savings,286768.73,Active
100305,248,Savings,250789.86,Active
100306,146,Savings,427938.86,Active
100307,582,Savings,265816.9,Dormant
100308,470,Current,128360.98,Active
100309,193,Savings,338146.39,Active
100310,1092,Current,271745.15,Dormant
100311,494,Savings,117289.27,Active
100312,52,Savings,287240.3,Active
100313,882,Savings,410946.25,Active
100314,363,Savings,15256.89,Dormant
100315,917,Current,315794.67,Active
100316,474,Current,175443.01,Active
100317,521,Current,147043.05,Active
100318,691,Current,196901.29,Active
100319,1152,Savings,171669.31,Active
100320,532,Savings,416287.31,Active
100321,840,Savings,138124.11,Dormant
100322,1089,Current,366843.36,Active
100323,241,Current,47935.85,Dormant
100324,536,Savings,475746.79,Active
100325,83,Current,311536.0,Active
100326,982,Savings,353652.57,Active
100327,951,Savings,149721.63,Active
100328,611,Savings,206636.19,Active
100329,574,Savings,112665.41,Active
100330,286,Current,466335.51,Active
100331,989,Savings,244564.12,Active
100332,459,Savings,315593.61,Dormant
100333,126,Savings,367401.74,Active
100334,425,Savings,186181.94,Active
100335,554,Savings,360330.73,Active
100336,610,Savings,338320.25,Active
100337,1182,Savings,353124.01,Active
100338,112,Savings,245125.72,Active
100339,402,Savings,192085.75,Active
100340,122,Current,111819.01,Dormant
100341,273,Savings,412488.55,Active
100342,398,Savings,304566.67,Active
100343,471,Savings,222731.75,Active
100344,985,Savings,472053.96,Active
100345,1134,Savings,24871.57,Active
100346,569,Current,425235.8,Active
100347,1138,Current,498793.71,Dormant
100348,897,Current,443584.11,Active
100349,820,Savings,405407.86,Active
100350,853,Savings,187778.69,Dormant
100351,710,Current,116425.78,Active
100352,321,Savings,367690.41,Active
100353,179,Savings,152983.11,Active
100354,897,Current,88843.8,Active
100355,219,Savings,393476.42,Active
100356,789,Savings,156959.28,Active
100357,492,Savings,457306.42,Active
100358,61,Savings,420475.69,Active
100359,1078,Savings,423972.52,Dormant
100360,538,Savings,386013.29,Active
100361,848,Savings,440559.83,Active
100362,988,Savings,403067.7,Active
100363,65,Savings,301653.17,Active
100364,586,Current,148615.54,Active
100365,171,Savings,444216.39,Active
100366,535,Savings,420461.21,Active
100367,693,Savings,236966.78,Active
100368,108,Current,20500.26,Active
100369,1186,Savings,319633.32,Active
100370,814,Savings,26247.83,Active
100371,1005,Savings,463213.7,Active
100372,452,Current,480854.0,Active
100373,590,Savings,95555.58,Active
100374,1040,Savings,338518.3,Active
100375,327,Savings,47042.23,Active
100376,608,Savings,365028.95,Dormant
100377,659,Current,174296.55,Dormant
100378,2,Current,340844.01,Dormant
100379,1034,Savings,187065.38,Active
100380,434,Current,73638.19,Active
100381,125,Savings,203648.88,Active
100382,1105,Savings,57224.09,Dormant
100383,485,Savings,288864.75,Active
100384,652,Savings,21434.81,Active
100385,1174,Current,264132.52,Active
100386,800,Savings,443297.95,Active
100387,873,Savings,419098.76,Active
100388,129,Savings,441508.07,Active
100389,438,Savings,461102.35,Active
100390,751,Savings,53159.42,Active
100391,501,Savings,65244.85,Active
100392,1082,Current,278946.4,Active
100393,211,Savings,447092.36,Dormant
100394,902,Savings,487200.38,Active
100395,45,Current,24084.7,Active
100396,1121,Current,178531.27,Active
100397,535,Savings,107234.23,Active
100398,461,Current,378226.96,Active
100399,391,Savings,320456.74,Active
100400,1068,Savings,60824.13,Active
100401,27,Savings,242277.51,Active
100402,794,Current,343034.82,Active
100403,1121,Savings,389723.69,Active
100404,975,Savings,11006.3,Active
100405,548,Savings,445344.32,Active
100406,621,Current,285071.41,Active
100407,567,Savings,406142.65,Active
100408,704,Savings,404161.08,Active
100409,185,Savings,95736.48,Active
100410,1093,Current,55975.89,Active
100411,1154,Current,360922.35,Active
100412,848,Savings,79057.03,Active
100413,599,Savings,425118.81,Active
100414,806,Current,363368.55,Active
100415,1178,Savings,421070.86,Dormant
100416,79,Current,150207.33,Active
100417,579,Current,158982.43,Active
100418,413,Savings,335939.56,Active
100419,546,Savings,16691.53,Active
100420,169,Savings,363521.88,Active
100421,681,Savings,418055.75,Active
100422,583,Savings,208166.63,Active
100423,515,Savings,382674.54,Active
100424,32,Savings,88130.85,Active
100425,287,Savings,161807.94,Active
100426,594,Savings,487178.18,Active
100427,1067,Savings,493177.76,Active
100428,617,Current,256789.92,Active
100429,1025,Savings,467200.63,Active
100430,270,Current,261842.61,Active
100431,518,Savings,146502.48,Dormant
100432,1127,Savings,134182.74,Active
100433,1034,Current,464823.35,Active
100434,583,Savings,87050.75,Active
100435,1114,Savings,290236.6,Active
100436,226,Savings,278207.01,Active
100437,670,Savings,370071.22,Active
100438,917,Savings,250122.21,Active
100439,126,Savings,136870.54,Dormant
100440,956,Savings,85528.85,Active
100441,1121,Savings,310788.58,Active
100442,74,Savings,359776.39,Dormant
100443,56,Savings,285191.12,Active
100444,720,Savings,369437.29,Active
100445,553,Savings,71619.08,Active
100446,32,Current,441352.63,Active
100447,574,Savings,291615.36,Active
100448,667,Savings,64295.12,Active
100449,284,Savings,231500.68,Active
100450,187,Current,422551.08,Active
100451,498,Savings,448883.53,Active
100452,130,Current,133060.1,Active
100453,639,Savings,355921.65,Active
100454,114,Savings,50892.64,Dormant
100455,13,Current,17739.39,Active
100456,444,Savings,280639.08,Dormant
100457,447,Savings,347718.96,Active
100458,986,Current,398097.58,Active
100459,993,Current,170767.9,Active
100460,715,Savings,4256.18,Active
100461,74,Savings,240280.1,Dormant
100462,537,Current,8910.92,Active
100463,101,Savings,46900.27,Active
100464,176,Current,164017.82,Active
100465,427,Savings,219148.85,Active
100466,1141,Savings,140455.25,Active
100467,1190,Current,291350.77,Active
100468,41,Savings,28619.54,Active
100469,429,Savings,73145.28,Active
100470,344,Savings,347933.94,Active
100471,366,Savings,71928.29,Active
100472,1144,Savings,320247.83,Active
100473,609,Current,28287.63,Active
100474,657,Savings,204283.76,Active
100475,728,Savings,89527.33,Active
100476,229,Current,55708.5,Active
100477,825,Savings,283949.36,Active
100478,1154,Savings,464239.55,Active
100479,889,Savings,28338.74,Active
100480,984,Current,211355.57,Active
100481,836,Savings,354060.18,Active
100482,117,Savings,231881.23,Active
100483,818,Savings,403441.48,Active
100484,368,Savings,90643.01,Active
100485,1118,Savings,479837.51,Active
100486,168,Savings,193196.15,Active
100487,954,Savings,171443.25,Active
100488,661,Current,437428.29,Active
100489,695,Savings,282369.65,Active
100490,925,Savings,258705.73,Active
100491,152,Savings,363761.98,Active
100492,586,Savings,290337.28,Active
100493,913,Savings,82095.31,Active
100494,274,Savings,337424.61,Active
100495,496,Savings,67600.97,Active
100496,101,Current,403122.99,Active
100497,557,Savings,494878.56,Active
100498,1106,Savings,189316.42,Active
100499,73,Savings,222933.19,Active
100500,1038,Savings,24170.39,Active
100501,157,Savings,7852.86,Active
100502,735,Savings,460788.25,Active
100503,132,Savings,65183.41,Active
100504,1019,Current,223443.6,Active
100505,559,Savings,407861.96,Active
100506,107,Savings,444770.06,Dormant
100507,265,Savings,260179.44,Active
100508,1103,Savings,282951.23,Active
100509,155,Savings,335172.3,Active
100510,988,Current,480729.85,Active
100511,997,Savings,301732.31,Dormant
100512,247,Current,280178.15,Active
100513,531,Current,8252.53,Active
100514,858,Savings,41393.9,Active
100515,538,Savings,289008.64,Active
100516,729,Savings,468183.95,Active
100517,1178,Savings,433478.98,Active
100518,154,Current,491306.88,Active
100519,92,Savings,264389.18,Active
100520,338,Current,394177.54,Active
100521,1155,Savings,420359.77,Dormant
100522,450,Current,324367.8,Active
100523,810,Current,170036.2,Active
100524,787,Savings,235519.24,Active
100525,273,Savings,429100.62,Active
100526,588,Savings,149975.42,Active
100527,177,Current,461947.82,Active
100528,831,Current,115673.36,Active
100529,643,Current,375008.69,Dormant
100530,1073,Savings,315649.06,Active
100531,567,Savings,375050.12,Active
100532,666,Current,219236.44,Dormant
100533,868,Savings,466387.89,Dormant
100534,1070,Current,316603.63,Active
100535,302,Savings,144859.61,Active
100536,868,Savings,319589.08,Active
100537,912,Savings,144121.06,Dormant
100538,408,Savings,147522.56,Active
100539,822,Savings,200399.66,Active
100540,1153,Savings,426362.78,Active
100541,561,Savings,250648.64,Active
100542,1142,Savings,339771.52,Active
100543,464,Savings,196591.9,Active
100544,144,Current,132539.11,Dormant
100545,442,Current,477365.44,Active
100546,1181,Current,302187.04,Active
100547,487,Current,467041.72,Active
100548,860,Savings,102503.09,Active
100549,1158,Savings,74300.19,Active
100550,148,Savings,428055.63,Active
100551,1095,Current,340777.69,Active
100552,811,Savings,94102.67,Active
100553,666,Savings,135410.49,Active
100554,90,Current,400531.31,Active
100555,199,Savings,227480.44,Active
100556,1185,Savings,335599.71,Active
100557,538,Savings,159857.66,Active
100558,1145,Savings,191233.75,Active
100559,301,Savings,495365.57,Active
100560,724,Savings,124560.93,Active
100561,963,Savings,253721.73,Dormant
100562,68,Savings,422356.77,Active
100563,459,Current,120372.38,Active
100564,398,Current,208191.66,Active
100565,620,Savings,307930.55,Active
100566,1164,Current,241112.89,Active
100567,730,Savings,230291.63,Dormant
100568,556,Savings,181892.36,Active
100569,781,Savings,293736.52,Active
100570,894,Savings,312561.98,Active
100571,610,Savings,326991.48,Dormant
100572,748,Savings,36113.69,Active
100573,282,Savings,315886.05,Active
100574,661,Current,476665.35,Active
100575,924,Savings,270952.13,Active
100576,996,Savings,357918.27,Dormant
100577,746,Savings,278809.42,Active
100578,87,Savings,427515.57,Active
100579,1103,Savings,464861.96,Dormant
100580,791,Savings,92925.73,Active
100581,304,Savings,218993.16,Active
100582,130,Current,196798.67,Dormant
100583,596,Savings,203202.35,Active
100584,558,Current,63636.57,Active
100585,899,Savings,406994.25,Dormant
100586,78,Savings,18847.36,Active
100587,784,Savings,264585.08,Active
100588,674,Savings,331277.32,Active
100589,238,Savings,104527.25,Active
100590,1158,Savings,453019.25,Active
100591,278,Current,419436.05,Active
100592,1042,Current,236070.78,Active
100593,524,Savings,206163.32,Active
100594,180,Savings,119047.39,Active
100595,123,Savings,365266.62,Dormant
100596,1075,Savings,66740.16,Active
100597,1095,Current,340438.64,Active
100598,480,Current,421386.04,Active
100599,1043,Current,115007.32,Active
100600,84,Savings,433347.27,Dormant
100601,1179,Savings,17628.28,Active
100602,565,Savings,456480.91,Active
100603,619,Current,60062.75,Active
100604,357,Savings,323233.83,Active
100605,816,Savings,125791.15,Active
100606,647,Savings,418439.64,Active
100607,443,Current,256637.88,Active
100608,1093,Savings,68485.35,Active
100609,523,Savings,285924.79,Active
100610,143,Current,204533.42,Active
100611,192,Current,331062.46,Active
100612,378,Savings,441069.74,Active
100613,581,Savings,205285.18,Active
100614,535,Current,145650.46,Active
100615,1033,Current,8243.03,Active
100616,93,Savings,287844.68,Active
100617,529,Savings,201735.11,Active
100618,1178,Savings,187949.96,Active
100619,405,Current,92284.73,Active
100620,840,Savings,215597.62,Active
100621,1173,Savings,492236.53,Active
100622,889,Savings,149579.32,Active
100623,422,Current,300252.5,Active
100624,472,Savings,388466.95,Active
100625,893,Savings,374829.75,Dormant
100626,547,Savings,165058.37,Active
100627,631,Savings,305819.18,Active
100628,1038,Savings,435761.08,Active
100629,778,Current,8708.27,Active
100630,364,Savings,218431.44,Active
100631,119,Current,112912.44,Dormant
100632,546,Savings,194927.51,Active
100633,1193,Savings,208578.81,Active
100634,522,Savings,373588.81,Active
100635,634,Savings,47817.11,Dormant
100636,963,Savings,256779.37,Active
100637,958,Current,282533.2,Active
100638,883,Current,247584.64,Active
100639,780,Savings,366204.75,Dormant
100640,871,Current,192511.84,Active
100641,516,Savings,472538.56,Active
100642,938,Current,241419.92,Active
100643,866,Savings,286035.74,Active
100644,106,Savings,412939.88,Active
100645,1109,Current,138342.82,Active
100646,214,Savings,38525.81,Active
100647,1145,Savings,354184.21,Active
100648,1156,Savings,242022.92,Active
100649,850,Savings,448355.62,Active
100650,197,Current,491357.34,Active
100651,19,Savings,200155.57,Active
100652,642,Current,208304.07,Active
100653,1036,Savings,204573.34,Active
100654,1105,Savings,162952.5,Active
100655,330,Current,391061.86,Active
100656,866,Savings,379738.89,Active
100657,774,Current,239843.79,Active
100658,392,Savings,23285.95,Active
100659,637,Savings,155470.09,Active
100660,307,Savings,146859.22,Active
100661,895,Savings,405732.54,Active
100662,652,Savings,44700.21,Active
100663,841,Current,403032.01,Active
100664,1026,Savings,334922.64,Active
100665,520,Savings,366488.29,Active
100666,636,Savings,216674.38,Active
100667,740,Savings,340183.17,Active
100668,469,Savings,304905.44,Dormant
100669,212,Current,384721.12,Active
100670,1136,Current,223938.15,Active
100671,1032,Current,236939.99,Active
100672,804,Current,322144.54,Active
100673,477,Savings,54930.67,Active
100674,874,Current,218685.98,Active
100675,460,Savings,486003.47,Active
100676,253,Savings,19738.61,Active
100677,752,Savings,158686.36,Dormant
100678,981,Savings,157740.8,Active
100679,854,Current,317098.6,Dormant
100680,236,Savings,53794.38,Active
100681,478,Current,314643.47,Active
100682,679,Savings,48425.08,Active
100683,1044,Savings,48381.87,Active
100684,216,Current,364363.5,Dormant
100685,855,Savings,162743.45,Active
100686,135,Savings,488734.05,Active
100687,905,Savings,19639.12,Dormant
100688,1153,Savings,223108.23,Active
100689,410,Savings,57454.83,Active
100690,86,Savings,176338.1,Active
100691,556,Current,499113.0,Active
100692,378,Current,444532.41,Active
100693,1075,Current,25113.88,Active
100694,242,Current,282064.67,Active
100695,920,Savings,324263.33,Active
100696,266,Savings,105557.78,Active
100697,1144,Savings,73407.68,Dormant
100698,712,Savings,452286.19,Active
100699,70,Current,484439.4,Active
100700,57,Savings,495954.54,Active
100701,39,Savings,395091.13,Active
100702,801,Savings,332087.53,Active
100703,1042,Savings,173519.4,Active
100704,732,Savings,86527.76,Dormant
100705,825,Savings,40411.32,Active
100706,756,Savings,346955.44,Active
100707,352,Savings,392576.98,Active
100708,283,Savings,413400.37,Active
100709,110,Savings,456968.74,Active
100710,1017,Current,440084.85,Active
100711,544,Savings,499870.89,Active
100712,25,Savings,122787.94,Dormant
100713,843,Current,381890.5,Active
100714,791,Savings,293643.3,Active
100715,738,Current,131361.32,Active
100716,57,Current,490970.76,Active
100717,180,Savings,449051.15,Active
100718,232,Current,65129.32,Active
100719,343,Current,14053.01,Active
100720,477,Savings,344477.05,Active
100721,576,Savings,302461.18,Active
100722,455,Current,467972.0,Active
100723,289,Current,117768.64,Active
100724,258,Savings,43109.59,Active
100725,530,Savings,130348.45,Active
100726,687,Current,10444.89,Active
100727,929,Savings,18910.48,Active
100728,229,Savings,457514.05,Active
100729,596,Current,176656.27,Active
100730,435,Savings,205993.69,Active
100731,882,Savings,10167.46,Active
100732,1021,Current,135990.37,Active
100733,402,Current,402558.27,Active
100734,622,Savings,308129.99,Active
100735,88,Savings,377136.52,Active
100736,584,Savings,224159.66,Active
100737,309,Current,155554.88,Active
100738,906,Savings,241922.24,Active
100739,343,Savings,162212.46,Active
100740,436,Savings,419646.58,Active
100741,177,Current,149539.18,Active
100742,139,Savings,330222.06,Active
100743,194,Savings,69354.13,Active
100744,1188,Savings,343746.38,Active
100745,1185,Current,456736.56,Active
100746,943,Savings,304682.99,Active
100747,525,Savings,280367.83,Active
100748,1066,Savings,480598.02,Active
100749,915,Current,314070.88,Active
100750,210,Savings,130515.67,Active
100751,741,Savings,146903.12,Active
100752,862,Savings,352948.01,Active
100753,954,Current,367982.86,Active
100754,833,Savings,152444.62,Active
100755,140,Current,173326.64,Dormant
100756,792,Current,495537.2,Dormant
100757,546,Savings,51874.32,Active
100758,1017,Savings,202917.87,Dormant
100759,57,Savings,32161.32,Active
100760,112,Savings,410718.1,Active
100761,5,Savings,47080.57,Active
100762,1037,Savings,337329.67,Active
100763,90,Current,29185.23,Active
100764,616,Savings,336754.66,Dormant
100765,891,Current,421675.44,Active
100766,698,Savings,200011.94,Active
100767,898,Savings,261541.12,Active
100768,971,Current,201369.33,Active
100769,1132,Savings,150943.89,Active
100770,668,Current,401828.44,Active
100771,594,Savings,136729.28,Active
100772,589,Savings,361748.77,Active
100773,485,Current,103892.34,Active
100774,982,Savings,125677.04,Active
100775,972,Savings,168894.12,Dormant
100776,639,Current,294989.03,Active
100777,997,Savings,227756.74,Active
100778,282,Current,372827.26,Active
100779,986,Current,107570.08,Active
100780,1112,Current,6325.47,Dormant
100781,16,Savings,388502.18,Active
100782,1175,Savings,411003.02,Active
100783,936,Current,30680.6,Active
100784,254,Savings,305842.85,Dormant
100785,329,Savings,189725.19,Active
100786,544,Savings,397153.93,Active
100787,783,Savings,437332.86,Active
100788,997,Current,425650.88,Active
100789,845,Current,388824.92,Active
100790,1193,Savings,135257.06,Active
100791,366,Savings,406132.93,Active
100792,655,Current,267205.76,Active
100793,760,Savings,27325.55,Active
100794,639,Current,229012.49,Active
100795,1064,Savings,471136.8,Active
100796,924,Savings,444041.82,Active
100797,416,Savings,52029.88,Active
100798,255,Current,372319.22,Active
100799,1167,Savings,403090.64,Active
100800,710,Savings,136422.71,Active
100801,577,Savings,236332.68,Active
100802,900,Current,355782.98,Active
100803,11,Current,220081.7,Active
100804,26,Savings,57285.66,Active
100805,957,Savings,353235.34,Active
100806,421,Savings,455907.71,Active
100807,496,Savings,326589.88,Dormant
100808,237,Savings,387126.57,Active
100809,1009,Savings,179822.91,Active
100810,219,Savings,92415.92,Active
100811,461,Savings,321744.06,Active
100812,663,Savings,164557.83,Active
100813,635,Current,430176.69,Dormant
100814,1168,Savings,62191.4,Active
100815,990,Savings,217298.39,Active
100816,189,Savings,198967.07,Active
100817,255,Savings,469088.87,Active
100818,68,Savings,77414.27,Active
100819,616,Current,5913.57,Active
100820,336,Savings,119804.52,Active
100821,671,Savings,410318.15,Active
100822,821,Savings,105451.59,Active
100823,874,Current,121198.15,Active
100824,300,Savings,65819.5,Dormant
100825,357,Savings,358002.67,Active
100826,256,Savings,35517.92,Active
100827,1008,Savings,166272.94,Active
100828,353,Current,141966.86,Active
100829,524,Current,278024.71,Active
100830,950,Savings,365477.72,Active
100831,756,Savings,266905.34,Active
100832,284,Current,465581.97,Active
100833,99,Savings,475769.88,Dormant
100834,197,Savings,181371.2,Active
100835,482,Current,389062.51,Active
100836,878,Current,369661.89,Active
100837,615,Savings,446589.33,Active
100838,618,Savings,224523.88,Active
100839,368,Savings,265706.12,Active
100840,570,Current,208471.38,Active
100841,590,Savings,425338.08,Active
100842,1099,Savings,115621.46,Active
100843,1066,Savings,120614.83,Active
100844,422,Savings,186929.95,Active
100845,836,Savings,115941.07,Active
100846,545,Savings,280942.41,Active
100847,71,Savings,68110.56,Active
100848,1129,Savings,160772.92,Active
100849,1125,Current,456808.9,Dormant
100850,768,Savings,205203.51,Active
100851,307,Current,374368.62,Active
100852,377,Current,57617.63,Active
100853,655,Savings,124534.69,Dormant
100854,678,Savings,403865.46,Active
100855,399,Current,381733.48,Active
100856,221,Savings,193691.8,Active
100857,182,Savings,477244.05,Active
100858,307,Savings,455410.86,Active
100859,522,Savings,481188.07,Active
100860,1014,Current,214529.43,Active
100861,4,Current,99539.32,Active
100862,863,Current,313702.66,Active
100863,848,Savings,342701.81,Dormant
100864,804,Savings,63595.45,Active
100865,215,Savings,393455.03,Active
100866,972,Savings,10012.05,Active
100867,101,Savings,241881.47,Dormant
100868,963,Savings,166177.11,Dormant
100869,573,Savings,370411.23,Active
100870,658,Savings,157067.6,Active
100871,939,Savings,413576.75,Active
100872,1087,Savings,297881.79,Dormant
100873,226,Savings,397152.79,Active
100874,105,Savings,494680.98,Active
100875,772,Savings,339900.01,Active
100876,429,Current,492490.21,Dormant
100877,434,Current,15389.33,Active
100878,1052,Current,169731.85,Active
100879,682,Savings,54818.78,Active
100880,588,Savings,131890.16,Active
100881,1093,Savings,419605.06,Active
100882,866,Current,17129.31,Dormant
100883,746,Savings,260571.28,Dormant
100884,1191,Current,283997.23,Active
100885,864,Savings,281014.42,Active
100886,368,Current,238173.24,Active
100887,251,Current,395510.88,Dormant
100888,859,Savings,67638.0,Active
100889,856,Savings,155977.93,Active
100890,1194,Savings,308247.3,Dormant
100891,1114,Savings,345784.73,Active
100892,561,Savings,202670.07,Active
100893,294,Savings,437810.26,Active
100894,919,Savings,208331.2,Active
100895,1174,Savings,201985.29,Active
100896,1156,Savings,19067.42,Active
100897,433,Savings,276019.53,Active
100898,59,Savings,354631.74,Active
100899,969,Savings,58104.64,Active
100900,836,Current,153410.95,Active
100901,199,Savings,390847.22,Dormant
100902,215,Current,183593.8,Active
100903,898,Savings,121559.63,Active
100904,472,Savings,336428.13,Active
100905,247,Savings,99182.63,Dormant
100906,382,Savings,447930.81,Active
100907,991,Savings,53693.6,Active
100908,927,Savings,353568.35,Dormant
100909,1192,Savings,250274.8,Active
100910,560,Savings,435094.85,Dormant
100911,1075,Savings,63971.35,Dormant
100912,689,Current,339269.56,Dormant
100913,380,Savings,286455.26,Active
100914,474,Savings,240564.98,Active
100915,1104,Current,246212.22,Dormant
100916,697,Savings,361266.5,Active
100917,911,Current,468933.09,Active
100918,960,Savings,46534.58,Active
100919,478,Savings,10731.82,Active
100920,1004,Current,403046.69,Active
100921,926,Savings,54976.52,Active
100922,707,Current,493361.7,Active
100923,854,Savings,310054.78,Active
100924,1138,Savings,325782.33,Active
100925,1017,Current,100246.96,Active
100926,754,Savings,120915.84,Active
100927,503,Current,330015.8,Active
100928,817,Savings,454953.69,Active
100929,588,Savings,491212.89,Active
100930,708,Savings,99817.44,Active
100931,1068,Current,67925.69,Active
100932,1108,Savings,29144.28,Active
100933,207,Savings,434280.21,Active
100934,151,Current,148062.71,Active
100935,668,Current,1904.2,Active
100936,528,Savings,112685.22,Dormant
100937,165,Savings,170880.1,Active
100938,917,Savings,495502.1,Dormant
100939,1169,Savings,262247.26,Active
100940,1010,Savings,103152.26,Active
100941,37,Savings,168074.35,Active
100942,333,Savings,165823.54,Active
100943,403,Current,10843.15,Active
100944,414,Current,68456.34,Active
100945,45,Savings,347903.03,Active
100946,206,Savings,61005.24,Active
100947,62,Savings,116136.4,Active
100948,420,Savings,176017.91,Active
100949,868,Current,379109.74,Dormant
100950,820,Savings,291618.08,Active
100951,19,Savings,344810.99,Active
100952,365,Savings,283939.15,Active
100953,1031,Savings,342112.62,Active
100954,428,Savings,2418.23,Active
100955,1141,Savings,465518.17,Active
100956,580,Savings,56349.2,Active
100957,546,Savings,203718.3,Dormant
100958,325,Current,385748.15,Active
100959,55,Current,218180.13,Dormant
100960,778,Savings,473474.43,Dormant
100961,992,Savings,234326.89,Dormant
100962,42,Savings,437594.76,Active
100963,231,Savings,405603.23,Active
100964,453,Savings,490512.17,Active
100965,394,Savings,463347.34,Active
100966,1152,Savings,449163.79,Active
100967,691,Savings,366070.57,Active
100968,392,Savings,184132.08,Active
100969,604,Savings,53956.58,Active
100970,881,Current,344633.88,Active
100971,1102,Savings,489348.39,Active
100972,85,Savings,363575.61,Active
100973,1054,Savings,464435.96,Active
100974,49,Current,402348.05,Active
100975,1169,Current,82394.22,Active
100976,69,Current,125352.68,Active
100977,1082,Savings,171590.94,Active
100978,697,Savings,84961.96,Active
100979,479,Current,291244.02,Active
100980,820,Savings,487749.81,Active
100981,1195,Savings,380967.96,Active
100982,147,Current,212269.99,Active
100983,1016,Savings,3247.74,Active
100984,609,Savings,157324.73,Active
100985,446,Savings,263852.88,Active
100986,221,Savings,162801.19,Active
100987,95,Savings,56406.43,Active
100988,262,Savings,221939.71,Active
100989,897,Current,127373.16,Active
100990,1095,Savings,454706.96,Active
100991,219,Current,51775.51,Active
100992,92,Savings,25527.16,Active
100993,127,Savings,3651.77,Active
100994,80,Current,164706.77,Active
100995,983,Current,330533.03,Active
100996,916,Savings,365476.46,Active
100997,486,Current,227177.58,Active
100998,694,Current,342480.0,Active
100999,25,Current,180597.1,Active
101000,156,Savings,334235.3,Active
101001,632,Current,21257.4,Active
101002,1081,Current,195985.74,Dormant
101003,19,Current,395633.99,Active
101004,237,Savings,401700.01,Active
101005,277,Savings,358358.24,Active
101006,745,Savings,102915.07,Active
101007,552,Savings,124355.35,Active
101008,1177,Current,498048.27,Dormant
101009,639,Savings,52585.63,Active
101010,237,Savings,91150.69,Active
101011,998,Current,65883.1,Active
101012,55,Savings,164499.83,Active
101013,684,Savings,105877.74,Dormant
101014,109,Savings,249346.29,Active
101015,373,Savings,238534.33,Active
101016,973,Savings,450851.3,Active
101017,201,Current,18335.23,Active
101018,849,Savings,160619.91,Active
101019,509,Savings,298732.29,Active
101020,275,Savings,302796.08,Active
101021,211,Savings,240582.99,Active
101022,504,Savings,408017.1,Active
101023,1142,Savings,32298.36,Active
101024,703,Savings,407928.4,Active
101025,42,Current,247882.37,Active
101026,315,Savings,67746.59,Active
101027,788,Savings,442965.25,Active
101028,329,Current,324965.16,Active
101029,1041,Savings,82609.3,Active
101030,283,Savings,17791.21,Active
101031,943,Savings,71413.71,Active
101032,258,Savings,304790.18,Active
101033,575,Savings,90468.82,Active
101034,574,Savings,113655.77,Dormant
101035,612,Savings,13544.72,Active
101036,1043,Savings,361742.41,Active
101037,837,Savings,405371.84,Active
101038,423,Savings,398627.24,Active
101039,758,Current,64656.51,Active
101040,763,Current,451747.26,Active
101041,1105,Current,336467.14,Active
101042,424,Savings,448866.78,Active
101043,429,Savings,224133.09,Active
101044,204,Savings,219040.48,Active
101045,196,Savings,392483.72,Active
101046,728,Savings,47555.63,Active
101047,285,Savings,260916.14,Active
101048,196,Savings,418355.73,Active
101049,307,Savings,415266.09,Dormant
101050,14,Current,478110.3,Dormant
101051,1170,Savings,349438.02,Active
101052,1081,Savings,104677.54,Active
101053,723,Savings,11119.88,Active
101054,780,Savings,240228.48,Active
101055,529,Savings,257338.23,Dormant
101056,798,Savings,120891.03,Active
101057,344,Savings,63224.03,Active
101058,209,Current,293517.87,Active
101059,641,Current,382363.58,Active
101060,252,Current,496583.9,Active
101061,271,Current,379393.01,Active
101062,920,Savings,397022.57,Active
101063,419,Savings,308613.98,Active
101064,795,Savings,492975.41,Active
101065,1100,Savings,320338.24,Active
101066,725,Savings,430266.39,Active
101067,433,Current,472946.54,Active
101068,109,Savings,464999.39,Dormant
101069,641,Savings,191326.26,Active
101070,1071,Savings,40252.37,Active
101071,379,Current,86764.98,Active
101072,1120,Savings,30552.43,Active
101073,958,Current,53593.07,Active
101074,103,Current,93140.97,Active
101075,892,Current,171206.06,Dormant
101076,854,Current,272226.28,Active
101077,1170,Current,356129.35,Dormant
101078,1051,Savings,106252.74,Dormant
101079,530,Savings,336588.68,Dormant
101080,679,Savings,352425.28,Active
101081,989,Savings,279752.55,Active
101082,1106,Current,451905.32,Active
101083,428,Savings,56386.41,Active
101084,822,Current,89383.61,Active
101085,1186,Savings,214903.75,Active
101086,932,Savings,64229.65,Active
101087,1062,Current,283581.78,Dormant
101088,511,Savings,199801.83,Active
101089,393,Savings,143013.3,Active
101090,713,Savings,85824.92,Active
101091,494,Savings,168333.78,Active
101092,547,Savings,304371.72,Active
101093,594,Savings,288316.82,Dormant
101094,389,Savings,82648.38,Active
101095,158,Current,63334.99,Active
101096,1028,Current,14311.7,Active
101097,167,Savings,7200.37,Active
101098,960,Savings,440025.41,Active
101099,409,Current,23499.34,Active
101100,194,Savings,365879.33,Active
101101,235,Savings,436120.56,Active
101102,718,Savings,49930.87,Active
101103,1174,Current,218714.41,Active
101104,1183,Savings,481189.19,Dormant
101105,816,Savings,417235.19,Active
101106,404,Savings,245362.31,Active
101107,893,Savings,381522.99,Active
101108,678,Savings,416855.43,Dormant
101109,68,Savings,174665.45,Dormant
101110,88,Current,446184.31,Active
101111,217,Current,235766.19,Active
101112,1,Savings,264375.87,Active
101113,1159,Savings,499854.11,Active
101114,140,Savings,421808.18,Active
101115,618,Current,181523.23,Active
101116,133,Current,6162.45,Active
101117,178,Savings,313460.86,Dormant
101118,810,Savings,352252.8,Active
101119,380,Current,325750.54,Active
101120,908,Savings,483963.31,Active
101121,658,Savings,431622.54,Active
101122,450,Savings,224967.01,Active
101123,586,Savings,32365.89,Active
101124,463,Savings,238553.33,Active
101125,990,Current,344932.77,Active
101126,1132,Savings,304247.19,Active
101127,122,Savings,269530.4,Active
101128,17,Savings,234940.66,Active
101129,327,Savings,147587.17,Active
101130,318,Savings,139396.03,Active
101131,809,Savings,250615.51,Active
101132,503,Current,81140.97,Active
101133,119,Savings,171002.03,Active
101134,710,Savings,162665.66,Active
101135,45,Savings,293979.27,Active
101136,314,Savings,34274.47,Dormant
101137,418,Current,415004.67,Active
101138,556,Savings,281626.81,Active
101139,1102,Current,335742.51,Active
101140,326,Savings,351843.86,Active
101141,515,Current,146450.58,Active
101142,214,Savings,235715.41,Active
101143,74,Savings,478166.73,Active
101144,509,Savings,383585.91,Active
101145,332,Savings,484808.88,Dormant
101146,1117,Current,373380.92,Active
101147,688,Current,88624.47,Active
101148,657,Savings,33203.41,Active
101149,1028,Savings,289253.06,Dormant
101150,1162,Savings,179548.83,Active
101151,600,Current,138453.5,Active
101152,1076,Savings,403798.29,Dormant
101153,325,Savings,184129.64,Active
101154,992,Savings,159183.48,Active
101155,717,Current,425143.81,Active
101156,723,Savings,423297.38,Active
101157,277,Current,178826.95,Dormant
101158,536,Current,416416.85,Active
101159,152,Savings,425538.47,Dormant
101160,955,Savings,212541.34,Dormant
101161,259,Current,34170.09,Active
101162,324,Savings,1790.74,Active
101163,1017,Current,262122.94,Active
101164,869,Savings,172693.67,Active
101165,1192,Savings,498568.82,Active
101166,688,Current,386433.09,Active
101167,310,Savings,380876.45,Active
101168,803,Savings,477666.14,Active
101169,1080,Current,443974.47,Active
101170,620,Savings,159775.55,Dormant
101171,473,Savings,83827.62,Active
101172,461,Savings,373200.24,Dormant
101173,814,Current,189758.67,Active
101174,846,Current,237113.15,Active
101175,1165,Savings,315568.47,Active
101176,667,Current,454028.47,Active
101177,262,Current,210124.79,Active
101178,355,Savings,391875.13,Active
101179,770,Savings,134901.56,Active
101180,180,Savings,349287.92,Active
101181,66,Savings,1788.13,Active
101182,820,Current,435882.1,Active
101183,171,Current,16159.41,Active
101184,474,Savings,356664.12,Active
101185,534,Savings,24082.84,Dormant
101186,1131,Savings,133856.6,Dormant
101187,439,Savings,249104.0,Dormant
101188,835,Savings,210549.4,Active
101189,227,Savings,96726.22,Active
101190,442,Savings,167573.64,Active
101191,396,Savings,364125.48,Active
101192,728,Current,334959.29,Active
101193,84,Savings,36835.48,Active
101194,1037,Savings,373910.6,Active
101195,693,Savings,27469.89,Active
101196,493,Savings,271920.27,Active
101197,1144,Savings,130771.31,Active
101198,970,Savings,294257.37,Active
101199,353,Current,131402.87,Active
101200,1081,Savings,492494.03,Active
101201,40,Current,155554.36,Dormant
101202,640,Current,121738.36,Active
101203,173,Current,139954.18,Active
101204,259,Savings,448339.96,Dormant
101205,517,Current,318473.2,Active
101206,730,Savings,365611.36,Active
101207,523,Savings,459087.24,Active
101208,839,Current,456024.37,Active
101209,117,Savings,369733.98,Active
101210,184,Savings,99714.39,Active
101211,1140,Savings,421843.29,Active
101212,162,Savings,102684.24,Active
101213,543,Savings,371706.51,Dormant
101214,839,Savings,343115.93,Active
101215,1090,Current,379685.54,Active
101216,1094,Current,266810.15,Dormant
101217,447,Current,319724.36,Active
101218,416,Savings,476706.72,Active
101219,532,Savings,51443.21,Active
101220,441,Current,155114.79,Active
101221,738,Current,306067.15,Active
101222,464,Savings,482063.01,Active
101223,396,Savings,48691.65,Active
101224,711,Savings,12252.06,Active
101225,395,Savings,28819.05,Active
101226,326,Savings,27150.44,Dormant
101227,1115,Current,454000.11,Active
101228,750,Savings,360907.7,Active
101229,1094,Savings,338876.08,Active
101230,1190,Savings,261763.84,Active
101231,642,Savings,391194.36,Active
101232,214,Savings,78668.35,Active
101233,369,Savings,196578.65,Active
101234,49,Savings,245512.12,Active
101235,1076,Current,56094.34,Active
101236,133,Savings,210337.34,Active
101237,999,Savings,158934.39,Dormant
101238,786,Savings,18755.49,Active
101239,1190,Current,69230.97,Active
101240,373,Savings,382254.37,Active
101241,479,Current,10000.92,Active
101242,832,Savings,467192.4,Active
101243,650,Current,44125.89,Active
101244,682,Current,399819.81,Active
101245,688,Savings,449409.65,Dormant
101246,82,Savings,470626.66,Active
101247,87,Savings,433871.03,Dormant
101248,225,Current,144487.47,Active
101249,16,Savings,167210.48,Active
101250,822,Savings,213846.3,Active
101251,163,Current,70509.05,Active
101252,514,Current,12113.96,Active
101253,350,Savings,434691.69,Active
101254,681,Savings,277510.23,Active
101255,1116,Savings,304752.75,Active
101256,181,Savings,463567.25,Dormant
101257,743,Savings,332894.97,Active
101258,660,Savings,345735.9,Dormant
101259,493,Savings,393697.36,Active
101260,923,Current,59057.88,Dormant
101261,128,Savings,180720.91,Active
101262,565,Savings,484135.76,Active
101263,550,Savings,461542.11,Active
101264,453,Savings,442153.57,Active
101265,471,Savings,226592.17,Active
101266,988,Savings,428739.28,Active
101267,738,Current,25149.55,Active
101268,224,Savings,75110.19,Active
101269,154,Savings,207569.88,Active
101270,560,Current,242212.64,Active
101271,351,Savings,132490.07,Active
101272,1171,Current,178881.86,Dormant
101273,349,Savings,82225.27,Active
101274,182,Current,245077.88,Active
101275,637,Savings,397127.8,Dormant
101276,1018,Current,331018.84,Active
101277,179,Current,54788.33,Active
101278,1063,Savings,244303.22,Active
101279,772,Savings,349125.55,Active
101280,894,Current,265417.75,Active
101281,1027,Savings,196446.12,Active
101282,1016,Savings,311335.3,Active
101283,64,Savings,484350.69,Active
101284,29,Current,48359.05,Active
101285,372,Savings,195618.01,Dormant
101286,97,Savings,203896.32,Active
101287,993,Savings,288906.69,Dormant
101288,21,Current,76935.13,Dormant
101289,735,Current,89144.87,Active
101290,1126,Current,143395.33,Active
101291,1070,Savings,477979.15,Active
101292,66,Current,367320.18,Dormant
101293,603,Savings,331184.96,Active
101294,1188,Savings,408661.89,Dormant
101295,1135,Savings,64660.66,Active
101296,338,Savings,429807.08,Active
101297,123,Current,297821.52,Active
101298,447,Savings,168329.17,Active
101299,611,Savings,408111.77,Active
101300,671,Current,401479.7,Active
101301,615,Current,423008.58,Active
101302,897,Savings,58643.43,Active
101303,281,Savings,484711.26,Dormant
101304,1067,Current,479853.45,Dormant
101305,596,Savings,179377.35,Active
101306,703,Savings,33881.12,Active
101307,1075,Savings,84360.78,Active
101308,210,Savings,496422.58,Active
101309,126,Current,281943.46,Active
101310,492,Savings,178954.28,Active
101311,960,Savings,144813.14,Active
101312,970,Savings,129238.88,Dormant
101313,581,Savings,332412.23,Active
101314,777,Savings,210274.53,Active
101315,258,Savings,482739.94,Active
101316,230,Savings,342237.67,Active
101317,189,Savings,396230.25,Active
101318,10,Savings,147078.03,Active
101319,1138,Savings,40514.02,Active
101320,1100,Savings,244423.6,Dormant
101321,676,Savings,157976.19,Active
101322,502,Current,101839.5,Dormant
101323,85,Savings,476368.42,Active
101324,49,Savings,222550.12,Dormant
101325,838,Savings,88179.59,Active
101326,1008,Current,100126.68,Active
101327,689,Savings,141074.16,Active
101328,387,Current,499658.82,Active
101329,970,Savings,134737.74,Active
101330,1006,Current,165072.1,Active
101331,218,Current,330004.74,Active
101332,1005,Savings,147686.73,Active
101333,255,Savings,108686.32,Dormant
101334,236,Savings,80159.96,Active
101335,1050,Savings,157028.65,Active
101336,271,Savings,53851.93,Active
101337,123,Savings,10304.65,Active
101338,656,Savings,402516.21,Active
101339,259,Savings,69809.58,Active
101340,948,Savings,388212.45,Active
101341,47,Savings,398973.7,Active
101342,863,Savings,269421.84,Active
101343,525,Current,155531.3,Active
101344,888,Savings,73371.33,Active
101345,208,Current,368665.75,Active
101346,747,Savings,301092.11,Active
101347,149,Savings,328071.27,Dormant
101348,438,Savings,5325.88,Dormant
101349,155,Savings,463830.99,Active
101350,1114,Current,34078.8,Active
101351,358,Savings,184036.14,Active
101352,1198,Savings,201953.11,Active
101353,456,Current,1676.41,Active
101354,776,Savings,249047.57,Active
101355,629,Current,376651.69,Active
101356,832,Current,411811.06,Active
101357,486,Savings,439819.1,Active
101358,533,Savings,244371.72,Active
101359,200,Savings,315687.46,Active
101360,371,Savings,40680.34,Active
101361,1014,Savings,244531.07,Active
101362,853,Current,78253.06,Active
101363,248,Current,185451.92,Active
101364,788,Savings,165323.35,Active
101365,264,Savings,212346.75,Active
101366,1082,Savings,286246.67,Active
101367,31,Savings,451535.45,Active
101368,605,Current,197847.83,Active
101369,502,Savings,490584.47,Active
101370,1108,Savings,379755.0,Active
101371,886,Savings,256229.04,Dormant
101372,549,Current,322369.19,Dormant
101373,839,Savings,52009.86,Active
101374,1117,Current,422416.24,Dormant
101375,848,Savings,291596.37,Active
101376,614,Current,493047.67,Active
101377,412,Savings,318577.94,Active
101378,432,Savings,417221.68,Dormant
101379,678,Current,400081.61,Active
101380,159,Savings,173385.11,Active
101381,14,Savings,130545.7,Active
101382,373,Savings,215816.3,Active
101383,225,Current,234153.43,Active
101384,1097,Current,120802.27,Active
101385,511,Savings,447404.34,Active
101386,603,Savings,271731.38,Active
101387,216,Current,489243.75,Active
101388,988,Savings,405198.87,Active
101389,840,Current,278296.73,Active
101390,727,Savings,473573.1,Active
101391,554,Current,252932.53,Active
101392,1066,Current,443666.15,Active
101393,676,Current,179714.25,Active
101394,873,Savings,189942.55,Active
101395,283,Savings,209647.21,Dormant
101396,1082,Savings,273766.2,Dormant
101397,834,Savings,277191.64,Active
101398,537,Savings,248703.06,Active
101399,1097,Savings,153694.49,Dormant
101400,923,Current,463676.03,Dormant
101401,1153,Savings,294704.46,Dormant
101402,842,Savings,204461.87,Active
101403,948,Savings,325937.3,Active
101404,665,Savings,384215.41,Active
101405,1149,Savings,480403.32,Active
101406,67,Savings,250275.03,Active
101407,6,Current,56937.16,Active
101408,637,Savings,220942.13,Active
101409,314,Savings,240006.31,Active
101410,565,Savings,448600.05,Active
101411,826,Current,198005.58,Active
101412,506,Savings,476708.81,Active
101413,1106,Current,243080.82,Active
101414,1026,Savings,486916.47,Active
101415,204,Current,5090.96,Active
101416,662,Savings,449508.87,Active
101417,805,Savings,465629.11,Active
101418,404,Savings,480549.45,Active
101419,1127,Savings,7525.19,Active
101420,536,Savings,86678.72,Active
101421,577,Current,327228.49,Active
101422,763,Savings,13710.87,Dormant
101423,117,Current,32740.89,Active
101424,628,Current,111318.36,Active
101425,749,Savings,256707.44,Active
101426,105,Current,273405.38,Active
101427,495,Savings,18096.3,Active
101428,46,Savings,86013.26,Dormant
101429,823,Current,250353.13,Active
101430,982,Savings,297376.37,Active
101431,960,Savings,75052.45,Active
101432,845,Savings,200021.86,Active
101433,449,Savings,452296.32,Active
101434,536,Current,499450.74,Active
101435,511,Savings,493620.01,Active
101436,540,Savings,440955.58,Active
101437,16,Savings,197935.38,Dormant
101438,243,Savings,343600.57,Active
101439,912,Savings,208879.52,Active
101440,761,Savings,324614.99,Active
101441,705,Savings,155406.8,Active
101442,115,Savings,303494.92,Active
101443,397,Current,262355.49,Active
101444,394,Savings,13215.65,Active
101445,1099,Current,395560.75,Active
101446,978,Current,6937.02,Active
101447,1127,Current,147284.82,Active
101448,297,Current,3956.11,Active
101449,1002,Savings,188724.51,Active
101450,178,Savings,32517.1,Dormant
101451,967,Savings,456841.97,Active
101452,315,Savings,208423.97,Active
101453,1063,Current,230288.39,Active
101454,259,Savings,175575.27,Active
101455,7,Current,314125.57,Active
101456,49,Savings,392419.65,Dormant
101457,161,Current,324425.22,Active
101458,176,Savings,374355.35,Dormant
101459,1026,Savings,453080.86,Active
101460,1001,Savings,431909.72,Active
101461,455,Current,337355.17,Active
101462,276,Savings,108104.34,Active
101463,498,Current,319213.72,Active
101464,676,Current,253535.46,Dormant
101465,1052,Current,358892.4,Active
101466,1025,Savings,416632.89,Dormant
101467,56,Current,371618.03,Dormant
101468,547,Current,423434.02,Dormant
101469,1136,Savings,32869.32,Active
101470,36,Savings,16778.4,Active
101471,439,Savings,129991.78,Active
101472,595,Savings,450432.38,Active
101473,307,Savings,412005.97,Active
101474,619,Current,341680.92,Active
101475,1133,Savings,350678.58,Active
101476,357,Savings,363608.56,Dormant
101477,181,Current,471358.75,Dormant
101478,68,Savings,416263.39,Active
101479,292,Current,312071.8,Active
101480,692,Savings,333192.0,Active
101481,181,Savings,107656.39,Active
101482,434,Savings,329002.09,Active
101483,914,Savings,212914.83,Active
101484,66,Savings,77327.97,Active
101485,1045,Current,403395.01,Active
101486,384,Savings,255613.3,Active
101487,39,Current,488735.1,Active
101488,822,Savings,141558.0,Dormant
101489,602,Savings,240854.39,Active
101490,785,Savings,224549.73,Active
101491,671,Savings,61268.98,Active
101492,1097,Current,213631.52,Active
101493,479,Current,144489.17,Active
101494,561,Current,80999.92,Active
101495,101,Savings,141795.64,Active
101496,514,Savings,117392.59,Active
101497,176,Savings,367302.69,Active
101498,238,Current,16356.81,Active
101499,910,Savings,309113.91,Active
101500,1083,Savings,380570.01,Active
